model_name,l1,ks2d,wasserstien,nss,pde
cm,0.38951149008329394,0.5034000000000001,0.09092341966304038,7.2854385,0.00049937086
dt,0.48324530765475704,0.22826666666666667,0.13516946882055977,5.2756968,0.00021349186
si,0.5057984134982022,0.11353333333333335,0.1661316577796712,3.084282,0.00013828704
sm,0.5093621858217469,0.17016666666666666,0.15241282278926452,3.6896973,0.00015012543
ud,0.5413151102257262,0.16243333333333332,0.16039152181521568,3.394323,0.00012019381
