model_name,l1,ks2d,wasserstien,nss,pde
cm,0.6142579316424177,0.5014590301003344,0.14263743869021797,10.435254,0.00072854117
dt,0.7273749168129792,0.2596864548494983,0.19440459551912906,8.338765,0.0005744524
si,0.7295290728500461,0.161935618729097,0.21660632573962205,6.2586904,0.00051247014
sm,0.7425845517155986,0.20979933110367893,0.20407652885319102,6.8030334,0.0005143872
ud,0.7938877486714895,0.19617474916387959,0.21387634291297566,6.080741,0.00040413876
