model_name,l1,ks2d,wasserstien,nss,pde
cm,0.405709756785802,0.4761343719571568,0.09893282774868345,8.553204,0.00025274933
dt,0.4945042122998223,0.2528919182083739,0.13937498840445842,6.676922,0.000120577955
si,0.528984647914322,0.10630963972736125,0.17450064506940796,3.9577494,7.221813e-05
sm,0.5318467617227115,0.16181110029211296,0.16177306763535326,4.4976325,7.836792e-05
ud,0.5561087633715822,0.1452288218111003,0.17032113669601465,4.3130403,6.49167e-05
