model_name,l1,ks2d,wasserstien,nss,pde
cm,0.40308508327678466,0.4982550335570469,0.09595376540467339,5.6288176,0.00021239823
dt,0.49136279908921005,0.22248322147651006,0.13641355957642873,3.9350152,7.749493e-05
si,0.5207653518872748,0.10335570469798658,0.16905972893782245,2.2664046,4.6357927e-05
sm,0.5215966380251834,0.14389261744966445,0.15823017771254916,2.754386,5.3009582e-05
ud,0.5523900081839934,0.15174496644295302,0.16220743145591468,2.4404888,4.060827e-05
